First Name, Last Name, Email, Phone
Garrett,Wright,inozebago@ecireazo.ws,(349) 647-8165
Stanley,Holloway,,(930) 439-5896
Mabel,Shaw,(987) 271-6603
Lettie,Munoz,wogojem@jopo.tk
Loretta,Banks,butecka@ihodon.vi,(936) 481-2200
Olga,Bush,wibhenu@belfu.gq,(803) 209-9638
Alan,Francis,ivuke@zafbawar.om,(910) 227-9737
Elsie,Garrett,jilvas@moke.bt,(635) 689-4027
Isabelle,Tate,demettu@jicajteh.su,(357) 928-7108
Aaron,Alexander,wuboh@jilo.gg,(247) 912-8975
Isaiah,Wilson,hijfaza@afjuc.nr,(702) 782-5861
Louise,Santos,vamhivetu@betzir.hu,(600) 744-9244
Bernard,Bowers,orees@ujo.fm,(858) 468-8531
Rena,Payne,av@gugupogi.ie,(436) 646-5173
Maria,Andrews,icu@ahituuf.tn,(379) 778-8802
Julian,Yates,bikcefpo@sosow.sy,(283) 467-7776
Tillie,Kennedy,defgag@sesi.gq,(443) 209-4230
Frank,Wells,adrol@os.gm,(886) 755-9912
Isabella,Shaw,meken@zugmosji.yt,(387) 514-2955
Bradley,Moss,vigis@diwazdar.cd,(560) 952-3041
Lula,Ortega,wodcitto@ete.ao,(467) 932-9496
Blake,Alvarado,ugicuiha@epatine.cg,(282) 728-7213
Vincent,Cannon,awpi@fiopje.ps,(845) 814-4971
Jesse,Joseph,wivsizkuj@vapebsi.sd,(602) 305-6026
Anthony,Hart,bab@vuic.gt,(607) 214-9380
Celia,Carroll,guhe@kiefura.cx,(369) 688-1018
Clyde,Cain,urogufi@zodo.mu,(649) 567-6003
Leah,Owen,ave@poguc.eu,(519) 273-6952
Gavin,Parker,hat@wa.vg,(580) 740-4776
Dorothy,James,ujwadcez@jibtujan.mw,(559) 496-2826
Floyd,Carr,pet@jinaba.kg,(943) 674-4618
Sallie,Sutton,conwumec@vuozpeg.ng,(674) 705-7225
Eliza,Wagner,utoowokoc@suduk.ar,(556) 665-6683
Dominic,Turner,lefhi@zusogpaz.ci,(672) 551-9946
Bernard,Rivera,rudsecsiv@sun.ir,(973) 897-7423
Margaret,Black,necbav@dar.com,(365) 379-2203
Evelyn,Houston,wejubu@asarun.st,(488) 564-9251
Daisy,Reynolds,li@doctab.th,(860) 655-8291
Brian,Oliver,dinipo@julumamo.br,(911) 224-7042
Louise,Nguyen,lo@alzi.pw,(326) 587-5848
Devin,Cannon,nimojhu@rogirure.lv,(621) 652-6442
Bryan,Richards,enisi@gusendo.aq,(868) 516-6403
Travis,Delgado,huan@zuad.pe,(222) 762-6330
Lee,Gray,ri@apiveoz.net,(742) 681-2576
Randy,Jackson,kuj@sohhoket.mt,(588) 307-2123
Elva,Colon,mowotru@vecgefe.ac,(803) 589-3094
Theodore,Hudson,saeji@fofih.in,(769) 216-5895
Nathan,Nichols,muic@ga.no,(915) 693-8443
Eddie,Parker,mu@cubur.lv,(549) 378-8648
Barbara,Griffith,kuz@gounafe.mq,(248) 651-6878
Dale,Fletcher,ilifuwmez@juknisga.pt,(961) 782-1598
Craig,Zimmerman,uwe@zuz.uk,(945) 332-1311
Linnie,Ferguson,iw@bu.li,(324) 463-7165
Sallie,McGee,melnuef@nuralmu.me,(825) 290-1053
Emma,Jenkins,canute@mawemna.rs,(350) 548-2614
Gordon,Hudson,alonogbuk@me.gy,(700) 211-4644
Antonio,Gordon,gol@zatinam.kh,(582) 525-2981
Clayton,Pope,cikara@coligo.pr,(278) 486-8152
Derek,Miller,woge@ezbeg.sl,(304) 832-3348
Jennie,McLaughlin,siwfiwid@unu.sm,(721) 392-6311
Rebecca,Lloyd,zued@beuzfis.uy,(358) 823-5368
James,Brown,av@hehomuki.is,(412) 582-9005
Johnny,Anderson,jonjasad@mesat.vg,(687) 508-6246
Sophie,Padilla,cu@ivibudzi.re,(209) 539-7386
Flora,Roberts,obavum@re.tc,(820) 849-8182
Max,Becker,kov@vavhukibo.re,(344) 721-4950
Herman,Ramsey,ak@ani.gp,(929) 592-3747
Herbert,Ross,rigewzef@wag.ec,(951) 465-1938
Adele,Jennings,si@izjivno.sl,(920) 552-6788
Herman,Lowe,ziwnelu@kazeob.pt,(347) 749-7510
Marion,Sims,jenod@todoic.fi,(660) 505-9602
Terry,Griffin,busozire@luru.ba,(287) 843-5194
Bessie,Singleton,wojejop@lo.mr,(677) 743-1346
Georgia,Chapman,jo@laavaosu.uk,(447) 807-4513
Lydia,Jacobs,otmud@cet.re,(414) 336-2494
Theresa,Palmer,oz@winku.al,(243) 763-4710
Blanche,Grant,ogeipnu@fe.gt,(384) 893-7746
Wesley,Nguyen,egda@fakis.ae,(540) 836-5679
Hilda,Tran,ip@tid.cm,(738) 627-4726
Hester,Schwartz,ezomu@fohvij.es,(803) 431-1032
Caroline,Rivera,sulsuh@uteciko.gi,(519) 346-7426
Peter,Walsh,woko@papkiwde.hk,(880) 448-4037
Bryan,Webb,zizji@cajfi.ro,(989) 877-7451
Bertha,Norton,bufsib@gal.tc,(630) 669-2126
Adeline,Tran,ulda@mithif.qa,(437) 589-5366
Pearl,Bridges,ocaula@su.ng,(428) 489-1257
Francis,Jimenez,wunogapi@immi.sm,(573) 742-4213
Max,Bowen,ilasu@davo.re,(289) 370-4826
Martin,Kennedy,jofaj@lisu.tc,(785) 494-5033
Dean,Black,dud@caus.nf,(735) 878-8274
Sadie,Moody,tuica@miiji.pr,(786) 867-7131
Antonio,Flores,wo@navi.cd,(813) 827-9583
Maurice,Tate,co@vup.ye,(563) 519-6249
Herbert,Guzman,wo@niak.gr,(988) 987-4732
Sylvia,Evans,oslugin@rid.sj,(443) 570-1711
Frederick,Day,fonovum@azne.cx,(972) 360-3845
Jeanette,Kennedy,awmih@jaze.ie,(223) 763-3704
Esther,Pittman,zafripo@wazew.bm,(902) 741-8440
David,Brown,apwib@aso.cx,(217) 303-6948
Catherine,Estrada,tusupcir@vesuf.sg,(911) 453-3779
Isaiah,Wilson,hijfaza@afjuc.nr,(702) 782-5861
Louise,Santos,vamhivetu@betzir.hu,(600) 744-9244
Bernard,Bowers,orees@ujo.fm,(858) 468-8531
Rena,Payne,av@gugupogi.ie,(436) 646-5173
Maria,Andrews,icu@ahituuf.tn,(379) 778-8802
Julian,Yates,bikcefpo@sosow.sy,(283) 467-7776
Tillie,Kennedy,defgag@sesi.gq,(443) 209-4230
Frank,Wells,adrol@os.gm,(886) 755-9912
Isabella,Shaw,meken@zugmosji.yt,(387) 514-2955
Bradley,Moss,vigis@diwazdar.cd,(560) 952-3041
Lula,Ortega,wodcitto@ete.ao,(467) 932-9496
Lula,Ortega,wodcitto@ete.ao,(467) 932-9497
Blake,Alvarado,ugicuiha@epatine.cg,(282) 728-7213
Blake,Alvarado,ugiaaaaaauiha@epatine.cg,(282) 728-7213